,seq,frame,box_coords,label
0,1,4,,0
1,1,5,,0
2,1,6,,0
3,1,7,,0
4,1,8,,0
5,1,9,,0
6,1,10,,0
7,1,11,,0
8,1,12,,0
9,1,13,,0
10,1,14,,0
11,1,15,,0
12,1,16,,0
13,1,17,,0
14,1,18,,0
15,1,19,,0
16,1,20,,0
17,1,21,,0
18,1,22,,0
19,1,23,,0
20,1,24,,0
21,1,25,,0
22,1,26,,0
23,1,27,,0
24,1,28,,0
25,1,29,,0
26,1,30,,0
27,1,31,,0
28,1,32,,0
29,1,33,,0
30,1,34,,0
31,1,35,,0
32,1,38,,0
33,1,41,,0
34,1,42,,0
35,1,43,,0
36,1,44,,0
37,1,45,,0
38,1,46,,0
39,1,47,,0
40,1,48,,0
41,1,49,,0
42,1,50,,0
43,1,51,,0
44,1,52,,0
45,1,53,,0
46,1,54,,0
47,1,57,"[[70, 30, 85, 74]]",1
48,1,58,"[[24, 26, 56, 58]]",1
49,2,17,"[[94, 37, 103, 117]]",1
50,2,18,"[[88, 55, 100, 133]]",1
51,2,19,"[[87, 79, 100, 158]]",1
52,2,20,"[[87, 80, 100, 158]]",1
53,2,21,"[[76, 45, 91, 121]]",1
54,2,22,"[[70, 28, 83, 101]]",1
55,2,23,"[[76, 53, 90, 129]]",1
56,2,24,"[[85, 75, 95, 149]]",1
57,2,25,"[[76, 61, 87, 133]]",1
58,2,26,"[[69, 46, 75, 119]]",1
59,2,27,"[[75, 45, 81, 122]]",1
60,2,28,"[[83, 58, 88, 136]]",1
61,2,29,"[[80, 73, 86, 154]]",1
62,2,30,"[[72, 74, 80, 150]]",1
63,2,31,"[[71, 62, 81, 135]]",1
64,2,32,"[[75, 62, 85, 136]]",1
65,2,33,"[[71, 78, 83, 156]]",1
66,2,34,"[[67, 90, 82, 174]]",1
67,2,35,"[[72, 91, 91, 175]]",1
68,2,36,"[[72, 85, 88, 174]]",1
69,2,37,"[[69, 81, 87, 170]]",1
70,2,38,"[[72, 88, 92, 181]]",1
71,2,39,"[[78, 100, 94, 195]]",1
72,2,41,"[[80, 107, 100, 200]]",1
73,2,42,"[[77, 82, 93, 172]]",1
74,2,43,"[[80, 43, 98, 132]]",1
75,2,44,"[[84, 41, 104, 131]]",1
76,2,45,"[[81, 59, 101, 167]]",1
77,2,46,"[[73, 75, 103, 210]]",1
78,2,47,"[[78, 81, 111, 215]]",1
79,2,48,"[[84, 105, 116, 224]]",1
80,2,49,"[[82, 143, 107, 224]]",1
81,2,50,"[[76, 153, 98, 224]]",1
82,2,51,"[[75, 113, 110, 224]]",1
83,2,52,"[[75, 89, 115, 198]]",1
84,2,53,"[[68, 109, 104, 224]]",1
85,2,54,"[[69, 119, 108, 224]]",1
86,2,55,"[[73, 96, 119, 224]]",1
87,2,56,"[[73, 104, 121, 224]]",1
88,2,57,"[[71, 110, 116, 224]]",1
89,2,58,"[[73, 93, 131, 224]]",1
90,2,59,"[[60, 41, 134, 182]]",1
91,4,5,,0
92,4,6,,0
93,4,7,,0
94,4,8,,0
95,4,10,,0
96,4,11,,0
97,4,14,,0
98,4,15,,0
99,4,18,,0
100,4,19,,0
101,4,20,,0
102,4,21,,0
103,4,22,,0
104,4,23,,0
105,4,24,,0
106,4,25,,0
107,4,26,,0
108,4,27,,0
109,4,28,,0
110,4,29,,0
111,4,31,,0
112,4,32,,0
113,4,33,,0
114,4,34,,0
115,4,35,,0
116,4,38,,0
117,4,39,,0
118,4,40,,0
119,4,41,,0
120,4,42,,0
121,4,43,,0
122,4,44,,0
123,4,45,,0
124,4,46,,0
125,4,47,,0
126,4,48,,0
127,4,49,,0
128,4,50,,0
129,4,51,,0
130,4,52,,0
131,4,53,,0
132,4,54,,0
133,4,55,,0
134,4,56,,0
135,4,57,,0
136,4,58,,0
137,4,59,,0
138,5,24,"[[134, 69, 143, 79]]",1
139,5,25,"[[129, 82, 138, 91]]",1
140,5,26,"[[124, 94, 133, 104]]",1
141,5,27,"[[120, 110, 129, 120]]",1
142,5,28,"[[119, 124, 129, 133]]",1
143,5,29,"[[120, 124, 131, 137]]",1
144,5,30,"[[116, 130, 128, 143]]",1
145,5,31,"[[110, 149, 120, 160]]",1
146,5,32,"[[103, 167, 114, 178]]",1
147,5,33,"[[99, 176, 109, 188]]",1
148,5,38,,0
149,5,39,,0
150,5,40,,0
151,5,41,,0
152,5,42,,0
153,5,43,,0
154,5,44,,0
155,5,45,,0
156,5,46,,0
157,5,47,,0
158,5,48,,0
159,5,49,,0
160,5,50,,0
161,5,51,,0
162,5,52,,0
163,5,53,,0
164,5,54,,0
165,8,17,"[[102, 163, 127, 183]]",1
166,8,18,"[[105, 171, 133, 189]]",1
167,8,26,,0
168,8,27,,0
169,8,28,,0
170,8,29,,0
171,8,30,,0
172,8,31,,0
173,8,32,,0
174,8,33,,0
175,8,34,,0
176,8,35,,0
177,8,36,,0
178,8,37,,0
179,8,38,,0
180,8,59,,0
181,11,20,"[[65, 94, 116, 147]]",1
182,11,21,"[[68, 99, 118, 150]]",1
183,11,22,"[[74, 84, 125, 138]]",1
184,11,23,"[[74, 61, 126, 115]]",1
185,11,24,"[[64, 52, 115, 106]]",1
186,11,25,"[[56, 58, 107, 114]]",1
187,11,26,"[[59, 64, 110, 119]]",1
188,11,27,"[[63, 82, 114, 137]]",1
189,11,28,"[[67, 102, 118, 157]]",1
190,11,29,"[[70, 99, 120, 153]]",1
191,11,30,"[[72, 71, 122, 125]]",1
192,11,31,"[[65, 51, 117, 107]]",1
193,11,32,"[[64, 60, 111, 109]]",1
194,11,33,"[[74, 81, 108, 119]]",1
195,11,34,"[[75, 92, 110, 129]]",1
196,11,35,"[[78, 102, 111, 139]]",1
197,11,36,"[[77, 110, 110, 147]]",1
198,11,37,"[[76, 111, 109, 147]]",1
199,11,38,"[[76, 103, 109, 140]]",1
200,11,39,"[[76, 92, 109, 129]]",1
201,11,40,"[[72, 90, 107, 127]]",1
202,11,41,"[[72, 93, 106, 130]]",1
203,11,42,"[[73, 98, 106, 135]]",1
204,11,43,"[[73, 105, 107, 141]]",1
205,12,13,"[[165, 125, 182, 163], [83, 149, 97, 166], [39, 88, 52, 96], [32, 76, 36, 84]]",1
206,12,14,"[[166, 125, 182, 162], [83, 149, 98, 166], [40, 88, 52, 97], [31, 76, 35, 86]]",1
207,12,15,"[[166, 125, 182, 162], [83, 149, 97, 166], [40, 87, 52, 96], [30, 73, 36, 84]]",1
208,12,16,"[[165, 124, 182, 163], [83, 148, 97, 166], [39, 87, 52, 96], [28, 70, 36, 83]]",1
209,12,17,"[[166, 125, 181, 163], [83, 149, 97, 167], [39, 87, 52, 98], [28, 71, 36, 83]]",1
210,12,18,"[[165, 125, 182, 163], [84, 149, 97, 167], [39, 88, 52, 97], [29, 72, 36, 84]]",1
211,12,19,"[[28, 71, 36, 84], [38, 88, 51, 96], [83, 149, 97, 166], [165, 124, 180, 164]]",1
212,12,20,"[[28, 70, 36, 84], [38, 87, 51, 95], [84, 149, 98, 166], [164, 125, 180, 163]]",1
213,12,21,"[[28, 70, 36, 84], [38, 87, 52, 96], [84, 149, 97, 166], [164, 125, 180, 163]]",1
214,12,22,"[[28, 70, 36, 84], [39, 87, 51, 96], [86, 149, 96, 169], [164, 125, 180, 163]]",1
215,12,23,"[[28, 70, 36, 84], [39, 88, 52, 96], [87, 149, 96, 171], [165, 125, 180, 163]]",1
216,14,0,"[[50, 60, 105, 160]]",1
217,14,1,"[[54, 78, 108, 175]]",1
218,14,2,"[[48, 102, 101, 195]]",1
219,14,3,"[[39, 101, 92, 196]]",1
220,14,4,"[[43, 74, 97, 171]]",1
221,14,6,"[[60, 18, 116, 120]]",1
222,14,7,"[[71, 41, 113, 120]]",1
223,14,23,,0
224,14,24,,0
225,14,25,,0
226,14,26,,0
227,14,27,,0
228,14,28,,0
229,14,29,,0
230,14,30,,0
231,14,31,,0
232,14,32,,0
233,14,33,,0
234,14,34,,0
235,14,35,,0
236,14,36,,0
237,14,37,,0
238,14,38,,0
239,14,39,,0
240,14,40,,0
241,14,41,,0
242,14,42,,0
243,14,43,,0
244,14,44,,0
245,14,45,,0
246,14,46,,0
247,14,47,,0
248,14,48,,0
249,14,49,,0
250,14,50,,0
251,14,51,,0
252,14,52,,0
253,14,53,,0
254,14,54,,0
255,14,55,,0
256,14,56,,0
257,14,57,,0
258,14,58,,0
259,14,59,,0
260,15,0,,0
261,15,1,,0
262,15,2,,0
263,15,3,,0
264,15,21,"[[172, 17, 186, 33], [67, 31, 86, 46]]",1
265,15,22,"[[169, 18, 186, 35], [71, 26, 87, 44]]",1
266,15,23,"[[162, 14, 178, 31], [69, 17, 82, 35]]",1
267,15,24,"[[155, 7, 171, 24], [69, 0, 78, 16]]",1
268,15,25,"[[153, 25, 168, 42], [72, 4, 83, 19]]",1
269,15,27,,0
270,15,28,"[[84, 13, 91, 21], [157, 0, 163, 4], [107, 1, 112, 16]]",1
271,15,29,"[[84, 4, 91, 13]]",1
272,15,30,,0
273,15,31,,0
274,15,32,,0
275,15,33,,0
276,15,49,,0
277,15,50,,0
278,15,51,,0
279,15,52,,0
280,15,53,,0
281,15,54,,0
282,15,55,,0
283,15,56,,0
284,15,57,,0
285,15,58,,0
286,15,59,,0
287,22,1,"[[97, 1, 103, 12]]",1
288,22,2,"[[101, 0, 105, 8]]",1
289,22,3,"[[99, 0, 105, 9]]",1
290,22,4,"[[102, 0, 108, 7]]",1
291,22,5,,0
292,22,6,,0
293,22,7,,0
294,22,8,,0
295,22,9,,0
296,22,10,,0
297,22,11,,0
298,22,12,,0
299,22,13,,0
300,22,14,,0
301,22,15,,0
302,22,16,,0
303,22,17,,0
304,22,18,,0
305,22,19,,0
306,22,20,,0
307,22,21,,0
308,22,22,,0
309,22,23,"[[183, 0, 189, 6]]",1
310,22,24,"[[150, 2, 177, 23]]",1
311,22,25,"[[111, 22, 137, 52]]",1
312,22,26,"[[90, 72, 118, 105]]",1
313,22,27,"[[70, 110, 90, 134]]",1
314,22,28,"[[52, 142, 71, 173]]",1
315,22,29,"[[56, 130, 76, 169]]",1
316,22,30,"[[84, 154, 119, 177]]",1
317,22,31,"[[122, 180, 144, 211]]",1
318,22,32,,0
319,22,33,"[[174, 158, 188, 194]]",1
320,22,34,"[[181, 90, 194, 169]]",1
321,22,35,"[[176, 15, 196, 67]]",1
322,22,39,"[[51, 31, 76, 59]]",1
323,22,41,,0
324,22,42,,0
325,22,43,,0
326,22,44,,0
327,22,45,,0
328,22,46,"[[0, 73, 18, 110]]",1
329,22,47,"[[14, 75, 26, 105]]",1
330,22,48,,0
331,22,52,"[[109, 14, 146, 49], [6, 3, 11, 14], [17, 1, 25, 9], [11, 28, 21, 30]]",1
332,22,53,"[[85, 0, 126, 22], [118, 58, 164, 82], [79, 76, 112, 132], [0, 3, 7, 16], [3, 26, 10, 37], [24, 0, 43, 9]]",1
333,22,54,"[[80, 0, 90, 21], [39, 0, 56, 19], [16, 0, 42, 8], [0, 27, 19, 118], [0, 43, 62, 100], [0, 100, 40, 157]]",1
334,22,55,"[[14, 28, 50, 55], [15, 42, 28, 68], [59, 0, 131, 33], [85, 77, 139, 124], [161, 34, 224, 92], [145, 44, 210, 81], [0, 127, 3, 147]]",1
335,22,56,"[[18, 110, 39, 135], [47, 124, 112, 224], [18, 133, 81, 224], [140, 39, 192, 61], [0, 43, 4, 55], [141, 0, 178, 12], [164, 192, 170, 224], [68, 102, 96, 143]]",1
336,22,57,"[[105, 46, 175, 93], [159, 177, 222, 197], [213, 43, 224, 156], [25, 66, 72, 88], [28, 18, 62, 109], [39, 0, 56, 22]]",1
337,22,58,"[[56, 0, 63, 12]]",1
338,22,59,,0
339,24,13,"[[0, 209, 9, 224], [112, 168, 150, 200]]",1
340,24,17,"[[1, 200, 10, 223], [113, 166, 148, 199]]",1
341,24,18,"[[93, 159, 124, 192], [0, 200, 10, 224]]",1
342,24,19,"[[76, 156, 102, 185], [0, 203, 10, 224]]",1
343,24,24,"[[69, 155, 96, 183], [0, 202, 11, 223]]",1
344,24,25,"[[70, 155, 95, 184], [0, 203, 10, 224]]",1
345,30,42,"[[0, 7, 98, 87], [123, 159, 141, 199]]",1
346,30,43,"[[0, 8, 130, 89], [124, 157, 140, 199]]",1
347,30,44,"[[0, 8, 159, 101], [123, 160, 139, 198]]",1
348,30,45,"[[0, 18, 182, 115], [122, 159, 140, 198]]",1
349,30,46,"[[0, 26, 197, 119], [123, 160, 141, 197]]",1
350,30,47,"[[0, 35, 201, 121], [123, 161, 141, 196]]",1
351,30,48,"[[0, 48, 202, 141], [123, 159, 141, 199]]",1
352,30,49,"[[0, 63, 203, 149], [123, 160, 141, 198]]",1
353,30,50,"[[0, 74, 204, 177], [127, 161, 140, 197]]",1
354,30,51,"[[33, 71, 203, 171], [124, 166, 140, 198]]",1
355,30,52,"[[84, 66, 203, 177], [124, 177, 140, 198]]",1
356,30,53,"[[124, 160, 139, 198], [136, 63, 204, 187]]",1
357,30,54,"[[154, 61, 203, 166], [124, 160, 140, 198]]",1
358,30,55,"[[155, 57, 205, 147], [124, 160, 140, 198]]",1
359,30,56,"[[154, 52, 204, 127], [123, 160, 140, 198]]",1
360,30,57,"[[125, 159, 141, 197], [172, 58, 203, 109]]",1
361,30,58,"[[195, 37, 212, 107], [123, 159, 140, 197]]",1
362,30,59,"[[123, 160, 140, 199], [188, 33, 215, 84]]",1
363,32,0,"[[22, 118, 46, 141], [172, 20, 181, 27], [158, 25, 167, 31]]",1
364,32,1,"[[20, 102, 44, 125], [151, 15, 158, 19], [173, 20, 182, 24], [190, 18, 195, 25], [188, 9, 193, 17]]",1
365,32,4,"[[19, 82, 44, 94], [135, 9, 142, 15], [160, 9, 168, 12]]",1
366,32,7,"[[18, 75, 42, 84], [130, 11, 136, 18], [185, 35, 190, 38], [110, 2, 121, 7]]",1
367,32,8,"[[19, 76, 44, 85]]",1
368,32,9,"[[23, 68, 47, 79]]",1
369,32,10,"[[27, 62, 51, 67]]",1
370,32,11,"[[31, 58, 56, 67]]",1
371,32,12,"[[37, 69, 60, 74]]",1
372,32,13,"[[45, 78, 68, 82]]",1
373,32,14,"[[57, 85, 79, 91], [146, 6, 151, 10]]",1
374,32,15,"[[65, 83, 89, 95], [181, 51, 192, 57], [150, 6, 157, 12]]",1
375,32,16,"[[74, 83, 99, 96], [187, 52, 196, 56], [153, 13, 161, 20]]",1
376,32,17,"[[87, 94, 112, 106], [161, 28, 168, 32], [194, 61, 203, 64], [178, 21, 186, 27]]",1
377,32,18,"[[100, 112, 124, 126], [199, 77, 209, 80], [164, 44, 173, 52], [181, 40, 188, 43]]",1
378,32,19,"[[110, 129, 130, 142], [168, 64, 175, 72], [203, 92, 210, 96], [182, 56, 189, 59]]",1
379,32,20,"[[120, 142, 139, 155], [180, 60, 192, 71], [200, 55, 211, 65]]",1
380,32,21,"[[129, 152, 147, 161], [186, 71, 196, 81], [203, 60, 213, 69]]",1
381,32,23,"[[152, 174, 166, 182], [199, 106, 209, 115], [210, 83, 219, 89]]",1
382,32,30,,0
383,32,31,,0
384,32,32,,0
385,32,33,,0
386,32,34,,0
387,32,35,,0
388,32,36,,0
389,32,37,,0
390,32,38,,0
391,32,39,,0
392,32,53,,0
393,32,54,,0
394,32,55,,0
395,32,56,,0
396,32,57,,0
397,32,58,,0
398,32,59,,0
399,38,11,"[[52, 70, 74, 79]]",1
400,38,12,"[[51, 73, 72, 82]]",1
401,38,13,"[[47, 90, 70, 99]]",1
402,38,14,"[[42, 93, 65, 103]]",1
403,38,15,"[[36, 93, 61, 102]]",1
404,38,16,"[[33, 99, 58, 108]]",1
405,38,17,"[[39, 92, 64, 102]]",1
406,38,18,"[[52, 81, 78, 90]]",1
407,38,19,"[[61, 81, 86, 90]]",1
408,38,20,"[[70, 84, 95, 93]]",1
409,38,21,"[[84, 79, 110, 89]]",1
410,38,22,"[[88, 72, 115, 82]]",1
411,38,23,"[[86, 78, 109, 88]]",1
412,38,24,"[[83, 89, 108, 100]]",1
413,38,25,"[[74, 85, 100, 97]]",1
414,38,26,"[[73, 70, 101, 83]]",1
415,38,27,"[[87, 66, 115, 79]]",1
416,38,28,"[[95, 95, 124, 111]]",1
417,38,29,"[[96, 117, 126, 133], [45, 19, 60, 27]]",1
418,38,30,"[[39, 10, 52, 16], [88, 110, 119, 128]]",1
419,38,31,"[[87, 90, 120, 109]]",1
420,38,32,"[[98, 85, 131, 104]]",1
421,38,33,"[[110, 93, 142, 112]]",1
422,38,34,"[[112, 108, 143, 125]]",1
423,38,35,"[[99, 109, 130, 126]]",1
424,38,36,"[[104, 115, 134, 133]]",1
425,38,37,"[[109, 118, 140, 136], [71, 23, 79, 28]]",1
426,38,38,"[[69, 30, 79, 36], [107, 124, 138, 142]]",1
427,38,39,"[[70, 35, 79, 41], [108, 130, 139, 146]]",1
428,38,40,"[[70, 35, 80, 41], [108, 128, 138, 147]]",1
429,38,41,"[[70, 29, 80, 35], [107, 124, 138, 141]]",1
430,38,42,"[[69, 21, 79, 27], [69, 21, 79, 27], [107, 117, 138, 136]]",1
431,38,43,"[[69, 14, 78, 22], [107, 112, 139, 131]]",1
432,38,45,,0
433,38,46,,0
434,38,48,"[[93, 115, 124, 132]]",1
435,38,49,"[[92, 116, 124, 133]]",1
436,38,50,"[[93, 115, 123, 132]]",1
437,38,51,"[[93, 112, 124, 130]]",1
438,38,52,"[[93, 111, 124, 129]]",1
439,38,53,"[[92, 109, 123, 127]]",1
440,38,54,"[[90, 108, 126, 129]]",1
441,38,55,"[[87, 112, 130, 135]]",1
442,38,56,"[[82, 118, 135, 147]]",1
443,38,57,"[[79, 99, 137, 129]]",1
444,38,58,"[[79, 98, 136, 129]]",1
445,38,59,"[[79, 95, 136, 126]]",1
446,39,26,,0
447,39,27,,0
448,39,28,,0
449,39,29,,0
450,39,30,,0
451,39,31,,0
452,39,32,,0
453,39,33,,0
454,39,34,,0
455,39,35,,0
456,39,36,,0
457,39,37,,0
458,39,38,,0
459,39,39,,0
460,39,40,,0
461,39,41,,0
462,39,42,,0
463,39,43,,0
464,39,44,,0
465,39,45,,0
466,39,46,,0
467,39,47,,0
468,39,48,,0
469,39,49,,0
470,39,50,,0
471,39,51,,0
472,39,52,,0
473,39,54,,0
474,39,55,,0
475,39,56,,0
476,39,57,,0
477,39,58,,0
478,39,59,,0
479,43,8,,0
480,43,9,,0
481,43,12,,0
482,43,14,"[[28, 103, 44, 121]]",1
483,43,15,"[[27, 101, 44, 121]]",1
484,43,16,,0
485,43,17,"[[23, 62, 40, 83]]",1
486,43,18,"[[25, 52, 42, 73]]",1
487,43,19,"[[30, 56, 47, 76]]",1
488,43,20,"[[31, 71, 48, 91]]",1
489,43,21,"[[24, 76, 39, 97]]",1
490,43,23,,0
491,43,33,,0
492,43,34,,0
493,43,35,,0
494,43,36,,0
495,43,40,,0
496,43,41,,0
497,43,42,,0
498,43,43,,0
499,43,44,,0
500,43,45,,0
501,43,46,,0
502,43,47,,0
503,43,48,,0
504,43,49,,0
505,46,40,"[[135, 35, 152, 54]]",1
506,46,41,"[[135, 29, 156, 52]]",1
507,46,42,"[[146, 42, 165, 64]]",1
508,46,43,"[[144, 45, 166, 67]]",1
509,46,44,"[[145, 40, 168, 62]]",1
510,46,45,"[[145, 30, 169, 53]]",1
511,46,46,"[[144, 28, 167, 51]]",1
512,46,47,"[[142, 32, 165, 54]]",1
513,46,49,"[[107, 106, 130, 126]]",1
514,46,50,"[[108, 108, 131, 131]]",1
515,46,51,"[[89, 105, 113, 129]]",1
516,46,52,"[[88, 102, 111, 125]]",1
517,46,53,"[[86, 101, 110, 124]]",1
518,46,54,"[[87, 100, 110, 124]]",1
519,46,55,"[[88, 98, 112, 122]]",1
520,46,56,"[[89, 97, 113, 120]]",1
521,46,57,"[[89, 99, 112, 122]]",1
522,46,58,"[[88, 102, 112, 124]]",1
523,46,59,"[[83, 99, 113, 129]]",1
524,47,7,"[[141, 42, 160, 57], [73, 144, 97, 166], [58, 19, 61, 22]]",1
525,47,9,"[[49, 93, 77, 123], [145, 0, 150, 3]]",1
526,47,10,"[[37, 93, 74, 124]]",1
527,47,11,"[[146, 0, 153, 4], [37, 110, 71, 151]]",1
528,47,12,"[[41, 133, 68, 194], [131, 16, 158, 43]]",1
529,47,13,"[[46, 4, 49, 8], [56, 103, 63, 132], [138, 25, 168, 56]]",1
530,47,14,"[[14, 109, 38, 135], [29, 1, 33, 5], [128, 27, 157, 56]]",1
531,47,15,"[[110, 26, 141, 55], [0, 110, 10, 125], [-17, 81, 100, 101]]",1
532,47,16,"[[118, 27, 150, 55]]",1
533,47,17,"[[118, 26, 150, 53]]",1
534,47,18,"[[120, 30, 151, 55]]",1
535,47,19,"[[123, 42, 153, 67]]",1
536,47,20,"[[125, 48, 153, 68]]",1
537,47,21,"[[124, 55, 154, 69], [18, 0, 21, 3]]",1
538,47,22,"[[124, 60, 154, 70], [16, 0, 20, 3]]",1
539,47,23,"[[121, 58, 154, 66], [16, 0, 19, 2]]",1
540,47,24,"[[15, 0, 18, 4], [125, 56, 154, 63]]",1
541,47,25,"[[14, 0, 18, 4], [121, 52, 154, 61]]",1
542,47,26,"[[14, 3, 17, 6], [122, 55, 152, 61]]",1
543,47,27,"[[14, 6, 18, 9], [123, 55, 151, 60]]",1
544,47,28,"[[12, 3, 16, 6], [119, 51, 150, 56]]",1
545,47,29,"[[12, 0, 15, 1], [120, 46, 149, 52]]",1
546,47,30,"[[8, 0, 13, 3], [117, 48, 147, 57]]",1
547,47,35,"[[126, 51, 149, 65]]",1
548,47,36,"[[124, 47, 149, 63]]",1
549,47,37,"[[127, 53, 148, 65]]",1
550,47,38,"[[128, 53, 147, 62]]",1
551,47,39,"[[122, 53, 147, 59]]",1
552,47,40,"[[125, 40, 145, 52]]",1
553,47,43,"[[7, 14, 9, 16], [122, 65, 145, 74]]",1
554,47,44,"[[6, 15, 9, 19], [124, 64, 144, 74]]",1
555,47,45,"[[0, 13, 6, 17], [122, 64, 145, 73]]",1
556,47,47,"[[12, 8, 16, 9], [131, 59, 153, 64]]",1
557,47,51,"[[27, 7, 30, 10], [142, 53, 167, 61]]",1
558,49,0,"[[53, 0, 124, 140]]",1
559,49,1,"[[61, 0, 131, 142]]",1
560,49,2,"[[65, 30, 137, 177]]",1
561,49,3,"[[60, 36, 133, 188]]",1
562,49,4,"[[60, 27, 137, 188]]",1
563,49,5,"[[68, 25, 147, 186]]",1
564,49,6,"[[70, 27, 153, 196]]",1
565,49,7,"[[68, 20, 154, 177]]",1
566,49,8,"[[71, 18, 151, 176]]",1
567,49,9,"[[73, 51, 157, 196]]",1
568,49,10,"[[68, 73, 139, 219]]",1
569,49,11,"[[53, 60, 123, 195]]",1
570,49,12,"[[44, 70, 114, 215]]",1
571,49,13,"[[43, 104, 113, 224]]",1
572,49,14,"[[46, 116, 112, 224]]",1
573,49,15,"[[46, 113, 110, 224]]",1
574,49,16,"[[43, 133, 98, 224]]",1
575,49,17,"[[42, 92, 123, 212]]",1
576,49,18,"[[39, 7, 114, 132]]",1
577,49,19,"[[43, 5, 125, 119]]",1
578,49,20,"[[58, 47, 136, 174]]",1
579,49,21,"[[67, 71, 154, 184]]",1
580,49,22,"[[64, 64, 148, 175]]",1
581,49,23,"[[67, 35, 151, 142]]",1
582,49,24,"[[73, 40, 156, 146]]",1
583,49,25,"[[77, 80, 160, 192]]",1
584,49,26,"[[82, 103, 167, 205]]",1
585,49,27,"[[86, 117, 169, 222]]",1
586,49,28,"[[85, 110, 158, 224]]",1
587,49,29,"[[80, 88, 150, 208]]",1
588,49,32,"[[71, 113, 126, 224]]",1
589,49,33,"[[69, 131, 116, 224]]",1
590,49,34,"[[63, 105, 125, 224]]",1
591,49,35,"[[58, 86, 129, 203]]",1
592,49,36,"[[60, 101, 127, 217]]",1
593,49,37,"[[67, 107, 137, 224]]",1
594,49,38,"[[63, 75, 136, 185]]",1
595,49,39,"[[54, 66, 120, 183]]",1
596,49,40,"[[57, 84, 128, 197]]",1
597,49,41,"[[65, 87, 133, 203]]",1
598,49,42,"[[58, 61, 128, 175]]",1
599,49,43,"[[47, 40, 125, 148]]",1
600,49,44,"[[33, 36, 123, 176]]",1
601,49,45,"[[37, 47, 138, 187]]",1
602,49,46,"[[35, 62, 127, 207]]",1
603,49,47,"[[27, 54, 119, 191]]",1
604,49,48,"[[30, 27, 112, 145]]",1
605,49,49,"[[25, 25, 104, 161]]",1
606,49,50,"[[31, 64, 118, 204]]",1
607,49,51,"[[39, 110, 114, 224]]",1
608,49,52,"[[38, 97, 117, 224]]",1
609,49,53,"[[35, 45, 123, 177]]",1
610,49,54,"[[38, 17, 119, 158]]",1
611,49,55,"[[54, 51, 141, 187]]",1
612,49,56,"[[65, 81, 142, 208]]",1
613,49,57,"[[63, 82, 157, 206]]",1
614,49,58,"[[64, 94, 158, 224]]",1
615,49,59,"[[69, 86, 163, 217]]",1
616,50,0,"[[99, 54, 153, 85]]",1
617,50,7,"[[161, 0, 168, 2]]",1
618,50,8,,0
619,50,14,,0
620,50,15,,0
621,52,0,"[[88, 155, 103, 168], [103, 111, 112, 123], [94, 107, 99, 113]]",1
622,52,1,"[[104, 113, 112, 124], [88, 155, 103, 168], [94, 108, 99, 113]]",1
623,52,2,"[[89, 155, 103, 168], [102, 111, 112, 124], [94, 107, 99, 112]]",1
624,52,3,"[[89, 156, 102, 167], [103, 112, 112, 124], [94, 107, 99, 113]]",1
625,52,4,"[[102, 112, 112, 124], [94, 107, 99, 113], [89, 155, 102, 167]]",1
626,52,5,"[[89, 155, 103, 168], [94, 106, 99, 113], [102, 111, 113, 125]]",1
627,52,6,"[[90, 154, 101, 168], [95, 107, 99, 113], [103, 111, 112, 124]]",1
628,52,7,"[[89, 154, 102, 169], [95, 107, 99, 113], [104, 111, 112, 124]]",1
629,52,8,"[[95, 106, 99, 113], [103, 112, 112, 124], [89, 155, 101, 168]]",1
630,52,9,"[[94, 107, 99, 113], [103, 111, 113, 124], [89, 155, 101, 168]]",1
631,52,10,"[[95, 107, 99, 113], [103, 112, 112, 125], [89, 154, 102, 169]]",1
632,52,11,"[[94, 106, 99, 112], [103, 112, 112, 124], [89, 154, 102, 168]]",1
633,52,12,"[[94, 106, 99, 113], [103, 111, 113, 124], [90, 155, 101, 169]]",1
634,52,14,"[[91, 112, 96, 119], [101, 118, 110, 130], [87, 161, 99, 174]]",1
635,52,16,"[[65, 161, 80, 172], [86, 120, 91, 127], [95, 124, 104, 137]]",1
636,52,17,"[[65, 158, 79, 170], [85, 118, 91, 124], [94, 123, 104, 135]]",1
637,52,18,"[[64, 155, 79, 168], [85, 114, 90, 121], [94, 119, 103, 131]]",1
638,52,19,"[[83, 115, 88, 121], [92, 120, 101, 133], [62, 155, 77, 168]]",1
639,52,20,"[[58, 160, 74, 173], [79, 119, 84, 125], [88, 122, 98, 135]]",1
640,52,21,"[[56, 160, 72, 174], [78, 120, 82, 126], [87, 123, 96, 136]]",1
641,52,22,"[[57, 158, 72, 172], [78, 117, 83, 124], [87, 121, 97, 134]]",1
642,52,23,"[[77, 116, 82, 124], [86, 121, 96, 134], [56, 159, 72, 171]]",1
643,52,24,"[[77, 117, 81, 124], [86, 121, 96, 135], [56, 159, 72, 171]]",1
644,52,25,"[[56, 159, 71, 172], [86, 122, 95, 135], [77, 117, 81, 124]]",1
645,52,26,"[[77, 118, 82, 124], [85, 122, 95, 134], [55, 160, 71, 172]]",1
646,52,27,"[[55, 159, 70, 172], [85, 122, 95, 135], [76, 118, 81, 124]]",1
647,52,28,"[[75, 118, 79, 124], [84, 121, 93, 134], [54, 160, 70, 173]]",1
648,52,29,"[[74, 118, 79, 125], [84, 122, 93, 135], [53, 160, 68, 173]]",1
649,52,30,"[[74, 118, 79, 125], [82, 122, 93, 135], [52, 159, 69, 173]]",1
650,52,31,"[[52, 160, 67, 172], [73, 119, 78, 126], [82, 123, 92, 135]]",1
651,52,32,"[[48, 161, 65, 174], [71, 119, 75, 126], [79, 124, 90, 136]]",1
652,52,33,"[[66, 120, 71, 127], [75, 124, 86, 137], [44, 163, 60, 175]]",1
653,52,34,"[[60, 119, 65, 126], [69, 122, 80, 135], [39, 164, 56, 176]]",1
654,52,35,"[[54, 126, 60, 132], [64, 129, 76, 142], [32, 171, 49, 182]]",1
655,52,36,"[[26, 181, 43, 195], [48, 133, 53, 141], [58, 138, 69, 151]]",1
656,52,48,,0
657,52,51,,0
658,52,54,,0
659,52,55,,0
660,52,56,,0
661,52,57,,0
662,52,58,,0
663,52,59,,0
664,54,10,,0
665,54,11,,0
666,54,12,,0
667,54,25,,0
668,54,26,,0
669,54,27,,0
670,54,28,,0
671,54,29,,0
672,54,30,,0
673,54,31,,0
674,54,32,,0
675,54,33,,0
676,54,34,,0
677,54,37,"[[138, 110, 213, 128]]",1
678,54,38,"[[140, 103, 206, 124]]",1
679,54,39,"[[140, 104, 205, 123]]",1
680,54,40,"[[135, 114, 205, 129]]",1
681,54,41,"[[131, 118, 201, 131]]",1
682,54,42,"[[133, 113, 198, 128]]",1
683,54,43,"[[136, 110, 200, 126]]",1
684,54,44,"[[137, 114, 202, 132]]",1
685,54,45,"[[136, 122, 201, 140]]",1
686,54,46,"[[138, 125, 201, 143]]",1
687,54,47,"[[99, 131, 155, 149]]",1
688,54,51,"[[134, 130, 168, 155]]",1
689,54,52,"[[141, 133, 187, 162]]",1
690,54,53,"[[138, 141, 187, 164]]",1
691,54,54,"[[113, 151, 165, 172]]",1
692,54,55,"[[92, 149, 149, 168]]",1
693,54,56,"[[75, 146, 135, 169]]",1
694,54,57,"[[78, 142, 139, 160]]",1
695,54,58,"[[67, 106, 130, 123]]",1
696,54,59,"[[75, 126, 135, 141]]",1
697,55,32,"[[87, 42, 101, 67]]",1
698,55,33,"[[87, 47, 101, 73]]",1
699,55,34,"[[83, 52, 99, 80]]",1
700,55,35,"[[81, 55, 98, 85]]",1
701,55,36,"[[80, 54, 97, 86]]",1
702,55,37,"[[74, 42, 95, 79]]",1
703,55,38,"[[64, 32, 90, 78]]",1
704,55,39,"[[64, 19, 91, 68]]",1
705,55,40,"[[65, 16, 92, 67]]",1
706,55,41,"[[72, 28, 100, 80]]",1
707,55,42,"[[69, 44, 102, 109]]",1
708,55,43,"[[50, 22, 96, 108]]",1
709,55,44,"[[35, 0, 87, 91]]",1
710,55,45,"[[30, 0, 83, 85]]",1
711,55,46,"[[40, 0, 94, 80]]",1
712,55,47,"[[52, 0, 104, 76]]",1
713,55,48,"[[50, 0, 102, 83]]",1
714,55,49,"[[44, 0, 97, 76]]",1
715,55,50,"[[43, 0, 95, 76]]",1
716,55,51,"[[46, 0, 99, 80]]",1
717,55,52,"[[50, 84, 102, 182]]",1
718,55,53,"[[49, 68, 102, 166]]",1
719,55,54,"[[49, 66, 102, 164]]",1
720,55,55,"[[52, 67, 106, 166]]",1
721,55,56,"[[53, 67, 105, 166]]",1
722,55,57,"[[49, 66, 103, 164]]",1
723,55,58,"[[49, 63, 102, 160]]",1
724,55,59,"[[50, 61, 104, 159]]",1
725,57,0,,0
726,57,1,,0
727,57,3,,0
728,57,4,,0
729,57,5,,0
730,57,6,,0
731,57,7,,0
732,57,8,,0
733,57,9,,0
734,57,10,,0
735,57,11,,0
736,57,12,,0
737,57,13,,0
738,57,14,,0
739,57,15,,0
740,57,16,,0
741,57,17,,0
742,57,18,,0
743,57,19,,0
744,57,20,,0
745,57,21,,0
746,57,22,,0
747,57,23,,0
748,57,24,,0
749,57,25,,0
750,57,26,,0
751,57,27,,0
752,57,28,,0
753,57,29,,0
754,57,30,,0
755,57,31,,0
756,57,32,,0
757,57,34,,0
758,57,35,,0
759,57,36,,0
760,57,37,,0
761,57,38,,0
762,57,54,"[[23, 99, 39, 110]]",1
763,57,55,"[[21, 101, 40, 112]]",1
764,57,56,"[[23, 103, 40, 115]]",1
765,57,57,"[[25, 105, 42, 116]]",1
766,57,58,"[[29, 103, 46, 114]]",1
767,57,59,"[[34, 103, 50, 113]]",1
768,59,0,"[[138, 69, 200, 94]]",1
769,59,3,"[[152, 83, 220, 114]]",1
770,59,4,"[[132, 96, 201, 118]]",1
771,59,5,"[[111, 111, 172, 133]]",1
772,59,6,"[[94, 96, 138, 122]]",1
773,59,7,"[[83, 38, 117, 80]]",1
774,59,8,"[[69, 11, 107, 69]]",1
775,59,9,"[[53, 26, 95, 74]]",1
776,59,10,"[[38, 14, 98, 59]]",1
777,59,11,"[[14, 0, 77, 43]]",1
778,59,12,"[[0, 33, 51, 81]]",1
779,59,14,,0
780,59,15,,0
781,59,16,,0
782,59,17,,0
783,59,18,,0
784,59,19,,0
785,59,20,,0
786,59,21,,0
787,59,22,,0
788,59,23,,0
789,59,24,,0
790,59,25,,0
791,59,26,,0
792,59,27,,0
793,59,28,,0
794,59,29,,0
795,59,30,,0
796,59,31,,0
797,59,32,,0
798,59,33,,0
799,59,34,,0
800,59,35,,0
801,59,36,,0
802,59,37,,0
803,59,38,,0
804,59,39,,0
805,59,40,,0
806,59,41,,0
807,59,42,,0
808,59,43,,0
809,59,44,,0
810,59,45,,0
811,59,46,,0
812,59,47,,0
813,59,48,,0
814,59,49,,0
815,59,50,,0
816,59,51,,0
817,59,52,,0
818,59,53,,0
819,59,54,,0
820,59,55,,0
821,59,56,,0
822,59,57,,0
823,59,58,,0
824,59,59,,0
825,60,0,,0
826,60,1,,0
827,60,2,"[[151, 152, 158, 164]]",1
828,60,3,"[[150, 167, 162, 181]]",1
829,60,4,"[[152, 168, 163, 180]]",1
830,60,5,"[[169, 169, 177, 186]]",1
831,60,6,"[[177, 174, 185, 194]]",1
832,60,7,,0
833,60,8,,0
834,60,9,,0
835,60,10,,0
836,60,11,,0
837,60,12,,0
838,60,13,,0
839,60,14,,0
840,60,15,,0
841,60,16,,0
842,60,17,,0
843,60,18,,0
844,60,19,,0
845,60,20,,0
846,60,21,,0
847,60,22,,0
848,60,23,,0
849,60,24,,0
850,60,25,,0
851,60,26,,0
852,60,27,,0
853,60,28,,0
854,60,29,,0
855,60,30,,0
856,60,31,,0
857,60,32,,0
858,60,33,,0
859,60,34,,0
860,60,35,,0
861,60,36,,0
862,60,37,,0
863,60,38,,0
864,60,39,,0
865,60,40,,0
866,60,41,,0
867,60,42,,0
868,60,43,,0
869,60,44,"[[114, 0, 149, 9]]",1
870,60,45,,0
871,60,46,,0
872,60,47,,0
873,60,48,"[[88, 10, 115, 35]]",1
874,60,49,"[[84, 19, 107, 57]]",1
875,60,50,"[[81, 37, 100, 70]]",1
876,60,51,"[[75, 58, 90, 91]]",1
877,60,52,"[[70, 67, 88, 121]]",1
878,60,53,"[[68, 88, 103, 125]]",1
879,60,54,"[[88, 61, 120, 108]]",1
880,60,55,"[[84, 41, 132, 74]]",1
881,60,56,"[[96, 36, 144, 56]]",1
882,60,57,"[[107, 44, 156, 61]]",1
883,60,58,"[[111, 53, 165, 79]]",1
884,60,59,"[[121, 59, 178, 85]]",1
885,62,20,"[[94, 96, 108, 114]]",1
886,62,23,"[[89, 47, 104, 65]]",1
887,62,26,"[[96, 82, 115, 97]]",1
888,62,27,"[[96, 92, 116, 108]]",1
889,62,31,"[[99, 156, 111, 175]]",1
890,62,35,,0
891,62,36,,0
892,62,37,,0
893,62,38,,0
894,62,39,,0
895,62,40,,0
896,62,41,,0
897,62,42,"[[73, 38, 89, 54]]",1
898,62,43,"[[72, 54, 88, 72]]",1
899,62,44,"[[71, 60, 89, 78]]",1
900,62,45,"[[71, 48, 88, 65]]",1
901,62,46,"[[65, 50, 82, 68]]",1
902,62,47,"[[66, 63, 84, 80]]",1
903,62,48,"[[96, 70, 114, 88]]",1
904,62,49,"[[93, 55, 113, 75]]",1
905,62,50,"[[76, 77, 97, 98]]",1
906,62,51,"[[79, 128, 99, 150]]",1
907,62,52,"[[86, 178, 106, 196]]",1
908,62,54,,0
909,62,55,,0
910,62,56,,0
911,62,57,,0
912,62,58,,0
913,62,59,,0
914,65,13,,0
915,65,14,,0
916,65,15,,0
917,65,21,"[[11, 51, 62, 99]]",1
918,65,22,"[[58, 75, 110, 122]]",1
919,65,23,"[[102, 96, 155, 140]]",1
920,65,24,"[[141, 116, 207, 162]]",1
921,65,26,,0
922,65,27,,0
923,65,28,,0
924,65,29,,0
925,65,30,,0
926,65,31,,0
927,65,32,,0
928,65,33,,0
929,65,34,,0
930,65,35,,0
931,65,36,,0
932,65,38,,0
933,65,39,,0
934,65,40,,0
935,65,41,,0
936,67,3,,0
937,67,4,,0
938,67,5,,0
939,67,8,,0
940,67,9,,0
941,68,0,,0
942,68,1,,0
943,68,2,,0
944,68,3,,0
945,68,4,,0
946,68,5,,0
947,68,6,,0
948,68,7,,0
949,68,8,,0
950,68,9,,0
951,68,10,,0
952,68,11,,0
953,68,12,,0
954,68,13,,0
955,68,14,,0
956,68,15,,0
957,68,16,,0
958,68,17,,0
959,68,18,,0
960,68,19,,0
961,68,20,,0
962,68,21,,0
963,68,22,,0
964,68,23,,0
965,68,24,,0
966,68,25,,0
967,68,26,,0
968,68,27,,0
969,68,28,,0
970,68,29,,0
971,68,30,,0
972,68,31,,0
973,68,32,,0
974,68,36,"[[7, 150, 17, 176]]",1
975,68,37,"[[5, 167, 19, 197]]",1
976,68,41,"[[77, 98, 96, 122]]",1
977,68,42,"[[72, 132, 99, 158]]",1
978,68,44,"[[67, 76, 100, 101]]",1
979,68,45,"[[76, 53, 112, 81]]",1
980,68,46,"[[77, 85, 118, 113]]",1
981,68,47,"[[69, 116, 113, 150]]",1
982,68,49,,0
983,68,51,"[[128, 140, 159, 197]]",1
984,68,52,"[[138, 175, 154, 224]]",1
985,68,56,,0
986,68,57,,0
987,68,58,,0
988,68,59,,0
989,70,7,"[[117, 126, 135, 158]]",1
990,70,8,"[[117, 139, 136, 171]]",1
991,70,9,"[[113, 147, 130, 189]]",1
992,70,13,"[[112, 141, 126, 179]]",1
993,70,14,"[[121, 142, 138, 184]]",1
994,70,15,"[[127, 170, 144, 217]]",1
995,70,20,"[[102, 155, 108, 210]]",1
996,70,21,"[[109, 130, 118, 182]]",1
997,70,22,"[[111, 158, 120, 206]]",1
998,70,23,"[[104, 163, 112, 218]]",1
999,70,24,"[[91, 140, 99, 186]]",1
1000,70,25,"[[80, 128, 90, 173]]",1
1001,70,26,"[[81, 147, 88, 192]]",1
1002,70,27,"[[81, 155, 90, 194]]",1
1003,70,40,,0
1004,70,41,,0
1005,70,42,,0
1006,70,43,,0
1007,70,48,,0
1008,70,49,,0
1009,70,52,"[[76, 96, 87, 148]]",1
1010,70,53,"[[81, 98, 90, 154]]",1
1011,70,54,"[[80, 135, 91, 195]]",1
1012,71,0,"[[45, 173, 61, 190]]",1
1013,71,1,"[[46, 172, 60, 191]]",1
1014,71,2,"[[45, 174, 60, 190]]",1
1015,71,3,"[[46, 174, 61, 192]]",1
1016,71,4,"[[46, 172, 60, 192]]",1
1017,71,5,"[[46, 172, 60, 192]]",1
1018,71,6,"[[46, 173, 61, 191]]",1
1019,71,7,"[[46, 173, 61, 192]]",1
1020,71,8,"[[46, 172, 60, 192]]",1
1021,71,9,"[[46, 172, 61, 191]]",1
1022,71,10,"[[46, 172, 59, 190]]",1
1023,71,11,"[[46, 172, 60, 192]]",1
1024,71,12,"[[46, 172, 61, 192]]",1
1025,71,13,"[[46, 174, 61, 192]]",1
1026,71,14,"[[46, 174, 60, 192]]",1
1027,71,15,"[[46, 172, 60, 191]]",1
1028,71,16,"[[45, 173, 61, 192]]",1
1029,71,17,"[[44, 175, 60, 192]]",1
1030,71,18,"[[44, 175, 63, 192]]",1
1031,71,19,"[[44, 175, 61, 192]]",1
1032,71,20,"[[44, 175, 61, 192]]",1
1033,71,21,"[[44, 175, 61, 192]]",1
1034,71,22,"[[44, 174, 61, 193]]",1
1035,71,23,"[[43, 175, 63, 192]]",1
1036,71,24,"[[43, 174, 62, 192]]",1
1037,71,25,"[[44, 174, 62, 193]]",1
1038,71,26,"[[44, 174, 61, 193]]",1
1039,71,27,"[[44, 175, 62, 192]]",1
1040,71,28,"[[44, 174, 61, 193]]",1
1041,71,29,"[[44, 174, 62, 194]]",1
1042,71,30,"[[44, 174, 63, 193]]",1
1043,71,35,"[[43, 162, 62, 178]]",1
1044,71,36,"[[43, 162, 62, 180]]",1
1045,71,37,"[[43, 161, 61, 179]]",1
1046,71,38,"[[44, 162, 62, 179]]",1
1047,71,56,"[[43, 160, 62, 178]]",1
1048,71,57,"[[44, 159, 61, 180]]",1
1049,71,58,"[[44, 160, 61, 179]]",1
1050,71,59,"[[43, 160, 61, 178]]",1
1051,75,29,"[[19, 123, 50, 160]]",1
1052,75,33,"[[16, 27, 54, 67]]",1
1053,75,34,"[[25, 51, 65, 93]]",1
1054,75,37,"[[11, 110, 55, 159]]",1
1055,75,38,"[[8, 99, 52, 145]]",1
1056,75,39,"[[7, 98, 50, 142]]",1
1057,75,40,"[[2, 97, 44, 143]]",1
1058,75,41,"[[0, 93, 41, 139]]",1
1059,75,42,"[[3, 85, 44, 130]]",1
1060,75,43,"[[17, 86, 58, 131]]",1
1061,75,44,"[[33, 80, 73, 125]]",1
1062,75,45,"[[49, 74, 86, 117]]",1
1063,75,47,"[[23, 84, 61, 126]]",1
1064,75,48,"[[62, 74, 99, 113]]",1
1065,75,50,"[[66, 46, 100, 86]]",1
1066,75,51,"[[79, 98, 112, 135]]",1
1067,75,53,"[[71, 93, 103, 132]]",1
1068,75,58,"[[141, 146, 172, 181]]",1
1069,77,5,,0
1070,77,6,,0
1071,77,7,,0
1072,77,8,,0
1073,77,9,,0
1074,77,10,,0
1075,77,13,"[[42, 84, 86, 100]]",1
1076,77,14,"[[58, 84, 95, 101]]",1
1077,81,0,"[[73, 132, 109, 161]]",1
1078,81,1,"[[82, 134, 119, 165]]",1
1079,81,2,"[[78, 138, 115, 169]]",1
1080,81,3,"[[78, 140, 115, 170]]",1
1081,81,8,"[[73, 1, 111, 33]]",1
1082,81,9,"[[73, 2, 111, 34]]",1
1083,81,11,"[[94, 91, 131, 122]]",1
1084,81,12,"[[94, 89, 130, 119]]",1
1085,81,13,"[[93, 89, 130, 120]]",1
1086,81,14,"[[93, 89, 131, 120]]",1
1087,81,15,"[[93, 89, 129, 120]]",1
1088,81,16,"[[94, 89, 130, 120]]",1
1089,81,17,"[[92, 86, 133, 121]]",1
1090,81,18,"[[83, 71, 147, 125]]",1
1091,81,19,"[[62, 40, 179, 139]]",1
1092,81,20,"[[53, 21, 197, 148]]",1
1093,81,21,"[[48, 13, 205, 151]]",1
1094,81,22,"[[47, 14, 203, 150]]",1
1095,81,23,"[[48, 15, 205, 153]]",1
1096,81,24,"[[48, 14, 203, 150]]",1
1097,81,25,"[[48, 15, 202, 150]]",1
1098,81,26,"[[48, 14, 201, 150]]",1
1099,81,27,"[[47, 14, 202, 150]]",1
1100,81,28,"[[51, 85, 204, 221]]",1
1101,81,29,"[[48, 85, 203, 223]]",1
1102,81,30,"[[50, 84, 204, 222]]",1
1103,81,31,"[[48, 84, 202, 221]]",1
1104,81,32,"[[50, 85, 202, 220]]",1
1105,81,33,"[[49, 84, 201, 221]]",1
1106,81,34,"[[49, 85, 202, 220]]",1
1107,81,35,"[[49, 84, 201, 221]]",1
1108,81,36,"[[50, 85, 200, 221]]",1
1109,81,37,"[[51, 85, 200, 221]]",1
1110,81,38,"[[49, 86, 200, 222]]",1
1111,81,41,"[[50, 84, 199, 221]]",1
1112,81,42,"[[49, 83, 198, 221]]",1
1113,81,43,"[[49, 85, 198, 219]]",1
1114,81,44,"[[47, 85, 198, 222]]",1
1115,81,45,"[[49, 84, 197, 221]]",1
1116,81,46,"[[47, 85, 197, 221]]",1
1117,81,47,"[[49, 85, 196, 221]]",1
1118,81,48,"[[50, 85, 196, 220]]",1
1119,81,49,"[[48, 86, 197, 221]]",1
1120,81,50,"[[47, 86, 194, 222]]",1
1121,81,52,"[[45, 82, 199, 224]]",1
1122,81,53,"[[76, 97, 154, 171]]",1
1123,81,54,"[[88, 102, 136, 146]]",1
1124,81,55,"[[94, 105, 127, 136]]",1
1125,81,56,"[[93, 105, 127, 136]]",1
1126,81,57,"[[94, 105, 127, 136]]",1
1127,81,58,"[[94, 105, 127, 136]]",1
1128,81,59,"[[95, 105, 128, 136]]",1
1129,84,0,,0
1130,84,1,,0
1131,84,2,,0
1132,84,4,"[[128, 143, 140, 183]]",1
1133,84,9,"[[107, 139, 130, 182]]",1
1134,84,10,"[[111, 120, 135, 167]]",1
1135,84,11,"[[119, 98, 145, 148]]",1
1136,84,12,"[[111, 77, 141, 131]]",1
1137,84,14,"[[105, 33, 140, 99]]",1
1138,84,15,"[[107, 46, 146, 117]]",1
1139,84,16,"[[104, 36, 146, 114]]",1
1140,84,17,"[[76, 24, 127, 111]]",1
1141,84,19,,0
1142,84,20,,0
1143,84,21,,0
1144,84,22,,0
1145,84,23,,0
1146,84,24,,0
1147,84,25,,0
1148,84,26,,0
1149,84,27,,0
1150,84,28,,0
1151,84,29,,0
1152,84,30,,0
1153,84,31,,0
1154,84,32,,0
1155,84,33,,0
1156,84,34,,0
1157,84,35,,0
1158,84,36,,0
1159,84,37,,0
1160,84,38,,0
1161,84,39,,0
1162,84,41,,0
1163,84,42,,0
1164,84,43,,0
1165,84,44,,0
1166,84,45,,0
1167,84,46,,0
1168,84,47,,0
1169,84,48,,0
1170,84,49,,0
1171,84,50,,0
1172,84,51,,0
1173,84,52,,0
1174,84,53,,0
1175,84,54,,0
1176,84,55,,0
1177,84,56,,0
1178,84,58,,0
1179,84,59,,0
1180,85,6,"[[117, 104, 139, 135]]",1
1181,85,7,"[[118, 112, 143, 138]]",1
1182,85,8,"[[115, 112, 141, 139]]",1
1183,85,9,"[[109, 126, 137, 152]]",1
1184,85,10,"[[104, 142, 132, 170]]",1
1185,85,11,"[[103, 150, 127, 184]]",1
1186,85,12,"[[101, 162, 128, 199]]",1
1187,85,13,"[[97, 180, 122, 222]]",1
1188,85,18,,0
1189,85,19,,0
1190,85,20,,0
1191,85,21,,0
1192,85,22,,0
1193,85,23,,0
1194,85,24,,0
1195,85,25,,0
1196,85,26,,0
1197,85,27,,0
1198,85,28,,0
1199,85,29,,0
1200,85,30,,0
1201,85,31,,0
1202,85,32,,0
1203,85,33,,0
1204,85,34,,0
1205,85,35,,0
1206,85,36,,0
1207,85,37,,0
1208,85,38,,0
1209,85,39,,0
1210,85,40,,0
1211,85,41,,0
1212,85,42,,0
1213,85,43,,0
1214,85,44,,0
1215,85,45,,0
1216,85,46,,0
1217,85,47,,0
1218,85,48,,0
1219,85,49,,0
1220,85,50,,0
1221,85,51,,0
1222,85,52,,0
1223,85,53,,0
1224,85,54,,0
1225,85,55,,0
1226,85,56,,0
1227,85,57,,0
1228,85,58,,0
1229,85,59,,0
1230,88,14,,0
1231,88,15,,0
1232,88,16,,0
1233,88,17,,0
1234,88,18,,0
1235,88,20,,0
1236,88,21,,0
1237,88,22,,0
1238,88,23,,0
1239,88,24,,0
1240,88,25,,0
1241,88,26,,0
1242,88,27,,0
1243,88,28,,0
1244,88,29,,0
1245,88,30,,0
1246,88,31,,0
1247,88,33,,0
1248,88,34,,0
1249,88,35,"[[130, 1, 138, 23]]",1
1250,88,36,,0
1251,88,37,,0
1252,88,38,,0
1253,88,39,"[[181, 8, 187, 23]]",1
1254,88,40,,0
1255,88,50,,0
1256,88,51,,0
1257,88,52,,0
1258,88,55,,0
1259,88,56,,0
1260,88,57,,0
1261,88,58,,0
1262,88,59,,0
1263,89,9,,0
1264,89,10,,0
1265,89,11,,0
1266,89,18,,0
1267,89,24,"[[92, 112, 111, 124]]",1
1268,89,25,"[[115, 117, 135, 126]]",1
1269,89,26,"[[98, 122, 116, 130]]",1
1270,89,27,"[[93, 132, 115, 141]]",1
1271,89,28,"[[82, 88, 117, 102]]",1
1272,89,29,"[[79, 56, 136, 77]]",1
1273,89,31,"[[74, 99, 163, 134]]",1
1274,89,32,"[[61, 96, 152, 131]]",1
1275,89,33,"[[46, 127, 134, 158]]",1
1276,89,37,"[[57, 149, 145, 182]]",1
1277,89,38,"[[55, 142, 144, 175]]",1
1278,89,39,"[[56, 137, 144, 170]]",1
1279,89,40,"[[55, 133, 145, 167]]",1
1280,89,41,"[[57, 126, 145, 159]]",1
1281,89,42,"[[56, 120, 145, 152]]",1
1282,89,43,"[[55, 118, 144, 149]]",1
1283,89,44,"[[55, 123, 144, 155]]",1
1284,89,45,"[[55, 134, 144, 167]]",1
1285,89,46,"[[55, 148, 143, 182]]",1
1286,89,47,"[[55, 162, 143, 195]]",1
1287,89,48,"[[57, 155, 145, 188]]",1
1288,89,49,"[[56, 137, 145, 170]]",1
1289,89,50,"[[55, 125, 144, 158]]",1
1290,89,51,"[[55, 122, 144, 154]]",1
1291,89,52,"[[55, 121, 144, 153]]",1
1292,89,53,"[[55, 123, 144, 155]]",1
1293,89,54,"[[95, 115, 116, 123]]",1
1294,89,55,"[[96, 117, 116, 124]]",1
1295,89,56,"[[96, 119, 116, 126]]",1
1296,95,0,"[[98, 101, 110, 120], [120, 117, 142, 152]]",1
1297,95,1,"[[98, 101, 110, 120], [121, 118, 142, 152]]",1
1298,95,2,"[[98, 102, 110, 120], [121, 117, 143, 152]]",1
1299,95,3,"[[98, 101, 110, 120], [121, 117, 142, 151]]",1
1300,95,4,"[[98, 101, 110, 122], [121, 117, 142, 152]]",1
1301,95,5,"[[98, 101, 110, 120], [121, 117, 142, 152]]",1
1302,95,6,"[[98, 102, 110, 120], [121, 117, 142, 153]]",1
1303,95,7,"[[98, 102, 110, 120], [121, 117, 143, 152]]",1
1304,95,8,"[[98, 101, 110, 121], [121, 116, 142, 152]]",1
1305,95,9,"[[98, 101, 109, 119], [121, 117, 143, 152]]",1
1306,95,10,"[[97, 101, 110, 121], [121, 116, 144, 154]]",1
1307,95,11,"[[95, 97, 112, 125], [126, 118, 158, 171]]",1
1308,95,12,"[[92, 95, 112, 127], [130, 119, 165, 180]]",1
1309,95,13,"[[89, 91, 113, 131], [134, 120, 175, 190]]",1
1310,95,14,"[[88, 90, 114, 131], [137, 122, 182, 198]]",1
1311,95,15,"[[86, 88, 114, 133], [140, 123, 189, 203]]",1
1312,95,16,"[[87, 88, 114, 134], [139, 122, 188, 204]]",1
1313,95,17,"[[86, 88, 114, 135], [139, 122, 189, 207]]",1
1314,95,20,"[[34, 99, 63, 142], [85, 130, 135, 213]]",1
1315,95,21,"[[30, 0, 58, 38], [82, 28, 132, 110]]",1
1316,95,23,"[[32, 77, 59, 123], [84, 111, 133, 192]]",1
1317,95,24,"[[32, 77, 59, 123], [84, 112, 133, 193]]",1
1318,95,25,"[[31, 76, 59, 120], [84, 111, 132, 192]]",1
1319,95,26,"[[32, 76, 60, 122], [84, 111, 133, 191]]",1
1320,95,27,"[[32, 75, 60, 122], [83, 110, 133, 191]]",1
1321,95,28,"[[32, 77, 59, 123], [84, 112, 132, 193]]",1
1322,95,29,"[[32, 78, 59, 121], [84, 112, 132, 192]]",1
1323,95,31,"[[31, 78, 59, 124], [84, 112, 132, 192]]",1
1324,95,32,"[[32, 76, 60, 123], [84, 111, 132, 192]]",1
1325,95,33,"[[32, 77, 60, 124], [83, 112, 132, 193]]",1
1326,95,34,"[[31, 74, 59, 122], [84, 111, 132, 191]]",1
1327,95,35,"[[31, 75, 59, 122], [83, 111, 132, 193]]",1
1328,95,36,"[[31, 73, 59, 121], [84, 112, 132, 192]]",1
1329,95,37,"[[32, 75, 59, 123], [84, 112, 131, 193]]",1
1330,95,38,"[[32, 74, 59, 122], [83, 111, 131, 192]]",1
1331,95,39,"[[31, 74, 59, 123], [83, 112, 131, 192]]",1
1332,95,41,"[[91, 156, 105, 167], [95, 107, 100, 112], [103, 111, 112, 126], [92, 78, 97, 87]]",1
1333,95,43,"[[90, 156, 104, 167], [103, 110, 112, 125], [94, 105, 99, 113], [91, 79, 96, 90]]",1
1334,95,44,"[[91, 82, 95, 91], [94, 105, 99, 113], [103, 110, 112, 125], [90, 155, 104, 168]]",1
1335,95,45,"[[90, 84, 94, 92], [94, 105, 99, 113], [103, 111, 112, 125], [90, 155, 104, 169]]",1
1336,95,46,"[[90, 155, 105, 169], [102, 111, 112, 125], [94, 105, 100, 113], [90, 83, 95, 93]]",1
1337,95,47,"[[90, 156, 104, 168], [102, 111, 112, 125], [89, 81, 94, 94], [94, 105, 100, 113]]",1
1338,95,48,"[[90, 155, 104, 168], [103, 111, 112, 126], [94, 105, 99, 113], [89, 85, 94, 95]]",1
1339,95,49,"[[90, 156, 104, 169], [102, 111, 112, 126], [94, 106, 100, 114], [88, 86, 93, 96]]",1
1340,95,50,"[[90, 155, 104, 169], [102, 111, 112, 125], [94, 105, 100, 113], [87, 87, 92, 97]]",1
1341,95,51,"[[103, 112, 112, 126], [94, 105, 99, 113], [86, 88, 91, 96], [90, 155, 104, 168]]",1
1342,95,52,"[[90, 155, 104, 169], [103, 112, 112, 126], [94, 105, 100, 114], [86, 89, 91, 96]]",1
1343,95,53,"[[90, 156, 104, 170], [94, 106, 100, 113], [85, 88, 90, 96], [102, 110, 112, 125]]",1
1344,95,54,"[[84, 88, 89, 97], [94, 106, 99, 113], [103, 110, 113, 125], [89, 155, 103, 169]]",1
1345,95,55,"[[84, 87, 89, 99], [94, 107, 99, 113], [103, 111, 113, 125], [89, 155, 104, 170]]",1
1346,95,56,"[[83, 89, 88, 99], [94, 107, 99, 113], [103, 111, 112, 125], [88, 154, 104, 169]]",1
1347,95,57,"[[88, 154, 103, 169], [103, 111, 112, 124], [94, 107, 100, 113], [83, 83, 87, 101]]",1
1348,95,58,"[[82, 90, 86, 103], [89, 156, 105, 169], [103, 112, 112, 124], [94, 106, 100, 113]]",1
1349,95,59,"[[82, 94, 86, 105], [94, 107, 100, 113], [103, 111, 112, 124], [89, 156, 104, 169]]",1
1350,96,25,"[[38, 0, 105, 75]]",1
1351,96,26,"[[39, 0, 115, 81]]",1
1352,96,27,"[[41, 0, 121, 91]]",1
1353,96,28,"[[44, 0, 124, 83]]",1
1354,96,44,"[[22, 15, 156, 145]]",1
1355,96,45,"[[0, 6, 145, 118]]",1
1356,96,46,"[[0, 0, 127, 91]]",1
1357,96,47,"[[0, 0, 111, 142]]",1
1358,96,48,"[[0, 0, 114, 181]]",1
1359,96,49,"[[0, 0, 115, 141]]",1
1360,96,50,"[[0, 0, 115, 111]]",1
1361,96,51,"[[0, 0, 110, 102]]",1
1362,96,52,"[[0, 0, 111, 102]]",1
1363,96,53,"[[0, 0, 109, 105]]",1
1364,96,54,"[[0, 0, 109, 101]]",1
1365,96,55,"[[0, 3, 107, 101]]",1
1366,96,56,"[[0, 11, 110, 100]]",1
1367,96,57,"[[0, 28, 108, 98]]",1
1368,96,58,"[[0, 30, 102, 108]]",1
1369,96,59,"[[0, 41, 104, 131]]",1
1370,97,0,"[[71, 82, 110, 99]]",1
1371,97,1,"[[69, 88, 109, 108]]",1
1372,97,2,"[[60, 113, 97, 134]]",1
1373,97,6,,0
1374,97,7,,0
1375,97,8,,0
1376,97,9,,0
1377,97,10,,0
1378,97,11,,0
1379,97,12,,0
1380,97,13,,0
1381,97,14,,0
1382,97,15,,0
1383,97,16,,0
1384,97,17,,0
1385,97,18,,0
1386,97,19,,0
1387,97,20,,0
1388,97,21,,0
1389,97,22,,0
1390,97,23,,0
1391,97,24,,0
1392,97,25,,0
1393,97,26,,0
1394,97,27,,0
1395,97,28,,0
1396,97,29,,0
1397,97,30,,0
1398,97,31,,0
1399,97,32,,0
1400,97,33,,0
1401,97,34,,0
1402,97,35,,0
1403,97,36,,0
1404,97,37,,0
1405,97,38,,0
1406,97,39,,0
1407,97,40,,0
1408,97,41,,0
1409,97,42,,0
1410,97,43,,0
1411,97,44,,0
1412,97,45,,0
1413,97,46,,0
1414,97,47,,0
1415,97,48,,0
1416,97,50,,0
1417,97,51,,0
1418,97,52,,0
1419,97,53,,0
1420,97,54,,0
1421,97,55,,0
1422,97,56,,0
1423,97,57,,0
1424,97,58,,0
1425,97,59,,0
1426,98,30,"[[40, 133, 77, 168]]",1
1427,98,32,"[[26, 96, 69, 142]]",1
1428,98,35,"[[44, 147, 81, 180]]",1
1429,98,36,"[[39, 129, 76, 164]]",1
1430,98,37,"[[37, 101, 78, 143]]",1
1431,98,38,"[[33, 96, 75, 140]]",1
1432,98,41,"[[45, 138, 82, 175]]",1
1433,98,42,"[[43, 132, 82, 170]]",1
1434,98,43,"[[43, 125, 81, 163]]",1
1435,98,44,"[[37, 116, 77, 156]]",1
1436,98,45,"[[39, 116, 79, 156]]",1
1437,98,46,"[[41, 118, 80, 157]]",1
1438,98,47,"[[42, 123, 82, 162]]",1
1439,98,48,"[[42, 127, 82, 165]]",1
1440,98,49,"[[41, 126, 79, 163]]",1
1441,98,50,"[[34, 109, 74, 151]]",1
1442,98,51,"[[30, 99, 73, 144]]",1
1443,98,52,"[[34, 93, 76, 137]]",1
1444,98,53,"[[41, 102, 82, 143]]",1
1445,98,54,"[[46, 118, 85, 156]]",1
1446,98,55,"[[41, 120, 80, 159]]",1
1447,98,56,"[[36, 110, 77, 151]]",1
1448,98,57,"[[32, 103, 75, 148]]",1
1449,98,58,"[[32, 98, 75, 142]]",1
1450,98,59,"[[43, 108, 84, 147]]",1
1451,100,0,"[[54, 106, 121, 140]]",1
1452,100,1,"[[46, 116, 121, 153]]",1
1453,100,2,"[[47, 101, 121, 136]]",1
1454,100,3,"[[49, 88, 123, 125]]",1
1455,100,4,"[[90, 89, 165, 129]]",1
1456,100,5,"[[90, 93, 164, 131]]",1
1457,100,6,"[[89, 87, 164, 125]]",1
1458,100,7,"[[90, 84, 165, 122]]",1
1459,100,8,"[[91, 88, 165, 126]]",1
1460,100,9,"[[89, 93, 164, 131]]",1
1461,100,10,"[[89, 92, 164, 130]]",1
1462,100,11,"[[89, 94, 164, 132]]",1
1463,100,12,"[[89, 94, 163, 133]]",1
1464,100,13,"[[89, 90, 163, 128]]",1
1465,100,14,"[[89, 88, 164, 127]]",1
1466,100,15,"[[89, 93, 164, 132]]",1
1467,100,16,"[[89, 112, 164, 151]]",1
1468,100,17,"[[86, 34, 160, 70]]",1
1469,100,20,"[[92, 38, 168, 78]]",1
1470,100,21,"[[94, 47, 169, 88]]",1
1471,100,22,"[[92, 76, 166, 116]]",1
1472,100,23,"[[88, 93, 164, 131]]",1
1473,100,24,"[[89, 98, 163, 136]]",1
1474,100,25,"[[90, 101, 164, 139]]",1
1475,100,26,"[[89, 95, 164, 134]]",1
1476,100,27,"[[90, 88, 165, 127]]",1
1477,100,28,"[[91, 84, 166, 124]]",1
1478,100,29,"[[91, 103, 165, 142]]",1
1479,100,30,"[[88, 135, 162, 172]]",1
1480,100,31,"[[86, 118, 160, 155]]",1
1481,100,32,"[[89, 84, 164, 122]]",1
1482,100,33,"[[91, 52, 166, 91]]",1
1483,100,34,"[[94, 48, 170, 88]]",1
1484,100,35,"[[92, 92, 167, 132]]",1
1485,100,36,"[[90, 132, 152, 164]]",1
1486,100,37,"[[94, 119, 142, 143]]",1
1487,100,38,"[[98, 104, 137, 124]]",1
1488,100,39,"[[102, 74, 134, 92]]",1
1489,100,40,"[[106, 59, 134, 75]]",1
1490,100,41,"[[109, 60, 132, 75]]",1
1491,100,42,"[[108, 74, 129, 87]]",1
1492,100,43,"[[108, 96, 129, 108]]",1
1493,100,44,"[[104, 111, 125, 122]]",1
1494,100,45,"[[99, 99, 120, 111]]",1
1495,100,46,"[[103, 76, 124, 88]]",1
1496,100,47,"[[109, 66, 130, 79]]",1
1497,100,48,"[[104, 101, 123, 115]]",1
1498,100,49,"[[92, 139, 114, 153]]",1
1499,100,50,"[[95, 123, 117, 136]]",1
1500,100,51,"[[101, 103, 123, 118]]",1
1501,100,52,"[[92, 135, 113, 150]]",1
1502,100,53,"[[85, 187, 107, 204]]",1
1503,100,54,"[[92, 172, 113, 187]]",1
1504,100,55,"[[98, 113, 119, 128]]",1
1505,100,56,"[[96, 102, 117, 116]]",1
1506,100,57,"[[89, 141, 111, 155]]",1
1507,100,58,"[[88, 161, 109, 176]]",1
1508,100,59,"[[88, 141, 110, 156]]",1
1509,101,1,"[[0, 82, 169, 223]]",1
1510,101,3,"[[102, 140, 199, 223]]",1
1511,101,4,"[[66, 117, 209, 223]]",1
1512,101,5,"[[131, 92, 220, 223]]",1
1513,101,6,"[[169, 119, 222, 223]]",1
1514,101,10,,0
1515,101,11,,0
1516,101,12,,0
1517,101,13,,0
1518,101,14,,0
1519,101,18,"[[25, 126, 74, 195]]",1
1520,101,19,"[[31, 106, 67, 181]]",1
1521,101,24,,0
1522,101,26,,0
1523,101,27,,0
1524,101,28,,0
1525,101,29,,0
1526,101,30,,0
1527,101,31,,0
1528,101,41,,0
1529,101,43,,0
1530,101,50,"[[64, 62, 73, 99]]",1
1531,101,51,"[[63, 38, 72, 85]]",1
1532,101,52,"[[66, 44, 76, 99]]",1
1533,101,53,"[[63, 35, 74, 93]]",1
1534,101,54,"[[65, 33, 76, 92]]",1
1535,101,55,"[[63, 36, 73, 103]]",1
1536,101,56,"[[62, 48, 73, 111]]",1
1537,101,57,"[[60, 71, 78, 130]]",1
1538,101,58,"[[64, 77, 75, 136]]",1
1539,101,59,"[[63, 56, 77, 116]]",1
1540,104,0,"[[61, 37, 150, 176]]",1
1541,104,1,"[[49, 23, 136, 150]]",1
1542,104,2,"[[55, 39, 131, 183]]",1
1543,104,3,"[[62, 54, 142, 195]]",1
1544,104,4,"[[59, 58, 139, 192]]",1
1545,104,5,"[[49, 62, 122, 194]]",1
1546,104,6,"[[51, 70, 130, 191]]",1
1547,104,7,"[[60, 69, 136, 192]]",1
1548,104,8,"[[55, 73, 133, 189]]",1
1549,104,9,"[[50, 53, 131, 158]]",1
1550,104,10,"[[52, 36, 130, 145]]",1
1551,104,11,"[[44, 64, 121, 182]]",1
1552,104,12,"[[41, 79, 126, 202]]",1
1553,104,13,"[[45, 83, 126, 207]]",1
1554,104,14,"[[44, 109, 117, 222]]",1
1555,104,15,"[[52, 105, 137, 222]]",1
1556,104,16,"[[49, 59, 130, 183]]",1
1557,104,17,"[[38, 39, 123, 153]]",1
1558,104,18,"[[51, 65, 137, 179]]",1
1559,104,19,"[[61, 99, 151, 209]]",1
1560,104,22,"[[71, 121, 155, 222]]",1
1561,104,23,"[[52, 63, 138, 164]]",1
1562,104,24,"[[44, 30, 127, 122]]",1
1563,104,25,"[[55, 35, 136, 124]]",1
1564,104,26,"[[59, 58, 143, 148]]",1
1565,104,27,"[[51, 87, 141, 173]]",1
1566,104,28,"[[39, 100, 137, 181]]",1
1567,104,29,"[[35, 83, 130, 167]]",1
1568,104,30,"[[21, 87, 120, 183]]",1
1569,104,31,"[[22, 111, 125, 201]]",1
1570,104,32,"[[26, 116, 126, 208]]",1
1571,104,33,"[[29, 108, 128, 190]]",1
1572,104,34,"[[18, 41, 116, 115]]",1
1573,104,38,"[[19, 56, 126, 124]]",1
1574,104,39,"[[30, 95, 136, 169]]",1
1575,104,40,"[[51, 161, 127, 223]]",1
1576,104,45,"[[84, 85, 183, 178]]",1
1577,104,46,"[[81, 83, 177, 184]]",1
1578,104,47,"[[56, 88, 155, 178]]",1
1579,104,48,"[[61, 128, 162, 220]]",1
1580,104,52,"[[38, 14, 133, 109]]",1
1581,104,54,"[[45, 19, 136, 124]]",1
1582,104,55,"[[38, 15, 119, 116]]",1
1583,104,56,"[[8, 3, 98, 101]]",1
1584,104,57,"[[15, 58, 101, 172]]",1
1585,107,0,"[[105, 86, 149, 116]]",1
1586,107,1,"[[105, 90, 143, 119]]",1
1587,107,2,"[[81, 99, 119, 126]]",1
1588,107,3,"[[58, 113, 97, 141]]",1
1589,107,4,"[[38, 117, 77, 148]]",1
1590,107,5,"[[27, 113, 65, 149]]",1
1591,107,6,"[[13, 106, 53, 144]]",1
1592,107,7,"[[5, 101, 45, 139]]",1
1593,107,8,"[[5, 99, 46, 137]]",1
1594,107,9,"[[23, 92, 56, 126]]",1
1595,107,10,"[[29, 97, 61, 125]]",1
1596,107,11,"[[37, 101, 66, 127]]",1
1597,107,17,,0
1598,107,18,,0
1599,107,19,,0
1600,107,20,,0
1601,107,21,,0
1602,107,22,,0
1603,107,23,,0
1604,107,24,,0
1605,107,25,,0
1606,107,26,,0
1607,107,32,,0
1608,107,33,,0
1609,107,34,,0
1610,107,35,,0
1611,107,36,,0
1612,107,37,,0
1613,107,38,,0
1614,107,39,,0
1615,107,41,,0
1616,107,42,,0
1617,107,43,,0
1618,107,48,,0
1619,107,49,,0
1620,107,50,,0
1621,107,51,,0
1622,107,52,,0
1623,107,53,,0
1624,107,54,,0
1625,107,55,,0
1626,107,56,,0
1627,107,57,,0
1628,107,58,,0
1629,107,59,,0
1630,108,1,"[[28, 34, 106, 160]]",1
1631,108,2,"[[45, 41, 121, 176]]",1
1632,108,3,"[[54, 84, 131, 218]]",1
1633,108,4,"[[65, 86, 128, 222]]",1
1634,108,5,"[[95, 103, 122, 165]]",1
1635,108,6,"[[96, 106, 126, 168]]",1
1636,108,7,"[[99, 114, 127, 178]]",1
1637,108,8,"[[93, 143, 119, 212]]",1
1638,108,11,"[[81, 133, 100, 192]]",1
1639,108,12,"[[76, 118, 92, 177]]",1
1640,108,13,"[[69, 126, 82, 190]]",1
1641,108,22,,0
1642,108,23,,0
1643,108,25,,0
1644,108,26,,0
1645,108,27,,0
1646,108,28,,0
1647,108,29,,0
1648,108,30,,0
1649,108,31,,0
1650,108,32,,0
1651,108,33,,0
1652,108,34,,0
1653,108,35,,0
1654,108,36,,0
1655,108,37,,0
1656,108,38,,0
1657,108,39,,0
1658,108,40,,0
1659,108,41,,0
1660,108,42,,0
1661,108,43,,0
1662,108,44,,0
1663,108,45,,0
1664,108,46,,0
1665,108,47,,0
1666,108,48,,0
1667,108,49,,0
1668,108,50,,0
1669,108,51,,0
1670,108,52,,0
1671,108,53,,0
1672,108,54,,0
1673,108,55,,0
1674,108,56,,0
1675,108,57,,0
1676,108,58,,0
1677,108,59,,0
1678,113,0,,0
1679,113,1,,0
1680,113,2,,0
1681,113,3,,0
1682,113,4,,0
1683,113,5,,0
1684,113,6,,0
1685,113,7,,0
1686,113,8,,0
1687,113,25,,0
1688,113,38,,0
1689,113,39,,0
1690,113,40,,0
1691,113,41,,0
1692,113,43,"[[194, 108, 211, 123]]",1
1693,113,44,"[[193, 60, 210, 76]]",1
1694,113,45,"[[193, 62, 211, 77]]",1
1695,113,46,"[[194, 69, 212, 83]]",1
1696,113,47,"[[196, 73, 213, 88]]",1
1697,113,52,"[[203, 82, 222, 100]]",1
1698,113,53,,0
1699,113,54,,0
1700,113,55,,0
1701,113,56,,0
1702,113,57,,0
1703,113,58,,0
1704,113,59,,0
1705,115,50,"[[78, 94, 156, 111]]",1
1706,115,51,"[[81, 89, 160, 102]]",1
1707,115,52,"[[78, 79, 156, 100]]",1
1708,115,56,"[[72, 85, 144, 103]]",1
1709,115,57,"[[70, 89, 142, 109]]",1
1710,115,59,"[[68, 73, 138, 95]]",1
1711,117,3,"[[117, 105, 131, 120], [89, 62, 99, 72], [99, 219, 105, 224], [29, 130, 34, 142]]",1
1712,117,4,"[[84, 77, 94, 87], [111, 126, 125, 140], [22, 147, 28, 160]]",1
1713,117,5,"[[81, 94, 90, 104], [106, 147, 121, 161], [15, 166, 21, 180]]",1
1714,117,6,"[[79, 99, 89, 111], [104, 155, 121, 170], [14, 176, 20, 190], [22, 104, 47, 163]]",1
1715,117,7,"[[104, 161, 120, 174], [11, 182, 17, 196], [78, 101, 89, 112]]",1
1716,117,8,"[[102, 173, 118, 187], [77, 110, 88, 121], [7, 193, 13, 208]]",1
1717,117,9,"[[76, 121, 87, 132], [100, 187, 116, 202], [4, 206, 10, 222]]",1
1718,117,10,"[[73, 124, 84, 135], [97, 195, 114, 209], [0, 214, 7, 224]]",1
1719,117,48,,0
1720,117,50,,0
1721,117,51,,0
1722,117,52,,0
1723,117,53,,0
1724,117,54,,0
1725,117,55,"[[5, 218, 14, 224]]",1
1726,117,56,"[[0, 217, 8, 224]]",1
1727,117,57,,0
1728,117,58,,0
1729,117,59,,0
1730,118,11,,0
1731,118,12,,0
1732,118,13,,0
1733,118,14,,0
1734,118,15,,0
1735,118,16,,0
1736,118,17,,0
1737,118,18,,0
1738,118,19,,0
1739,118,20,,0
1740,118,21,,0
1741,118,23,"[[152, 92, 224, 168]]",1
1742,118,24,"[[133, 99, 184, 144]]",1
1743,118,25,"[[125, 103, 158, 133]]",1
1744,118,30,,0
1745,118,33,"[[64, 130, 99, 160]]",1
1746,118,34,"[[65, 131, 99, 159]]",1
1747,118,36,"[[65, 130, 99, 159]]",1
1748,118,37,"[[65, 130, 99, 159]]",1
1749,118,38,"[[64, 130, 98, 160]]",1
1750,118,39,"[[65, 130, 99, 159]]",1
1751,118,40,"[[65, 131, 99, 159]]",1
1752,118,41,"[[65, 131, 98, 160]]",1
1753,118,42,"[[64, 131, 99, 160]]",1
1754,118,43,"[[65, 130, 99, 159]]",1
1755,118,44,"[[65, 130, 98, 160]]",1
1756,118,45,"[[65, 131, 99, 160]]",1
1757,118,46,"[[65, 131, 99, 159]]",1
1758,118,47,"[[65, 131, 99, 161]]",1
1759,118,48,"[[65, 132, 100, 162]]",1
1760,118,49,"[[63, 152, 98, 182]]",1
1761,0,7,,0
1762,0,8,,0
1763,0,10,,0
1764,0,11,,0
1765,0,12,,0
1766,0,40,"[[71, 127, 132, 146]]",1
1767,0,41,"[[58, 131, 140, 156]]",1
1768,0,42,"[[43, 137, 150, 172]]",1
1769,0,43,"[[46, 137, 149, 171]]",1
1770,0,44,"[[43, 138, 148, 175]]",1
1771,0,45,"[[44, 140, 148, 177]]",1
1772,0,46,"[[45, 142, 149, 174]]",1
1773,0,47,"[[45, 143, 149, 173]]",1
1774,0,48,"[[45, 141, 149, 173]]",1
1775,0,49,"[[32, 144, 158, 183]]",1
1776,0,50,"[[23, 144, 162, 186]]",1
1777,0,51,"[[24, 141, 162, 186]]",1
1778,0,52,"[[23, 144, 161, 183]]",1
1779,0,53,"[[25, 149, 163, 194]]",1
1780,0,54,"[[25, 153, 163, 195]]",1
1781,0,55,"[[24, 156, 163, 197]]",1
1782,0,56,"[[24, 153, 162, 194]]",1
1783,0,57,"[[24, 149, 163, 195]]",1
1784,0,58,"[[23, 147, 162, 186]]",1
1785,0,59,"[[24, 146, 162, 192]]",1
1786,16,36,"[[7, 166, 24, 182]]",1
1787,16,37,"[[14, 163, 30, 179]]",1
1788,16,39,,0
1789,16,40,,0
1790,16,43,,0
1791,16,44,,0
1792,16,45,,0
1793,16,46,,0
1794,16,47,,0
1795,16,48,,0
1796,16,49,,0
1797,16,50,,0
1798,16,51,,0
1799,16,52,,0
1800,16,53,,0
1801,16,54,,0
1802,16,55,,0
1803,16,56,,0
1804,16,57,,0
1805,16,58,,0
1806,16,59,,0
1807,18,0,"[[1, 149, 17, 187], [129, 11, 142, 32]]",1
1808,18,1,"[[130, 14, 146, 35], [0, 168, 10, 196]]",1
1809,18,2,"[[133, 22, 149, 44]]",1
1810,18,3,"[[137, 29, 153, 53]]",1
1811,18,4,"[[139, 43, 156, 71]]",1
1812,18,5,"[[134, 76, 151, 106]]",1
1813,18,6,"[[130, 106, 149, 138]]",1
1814,18,7,"[[133, 135, 149, 166]]",1
1815,18,8,"[[126, 182, 146, 218]]",1
1816,18,9,,0
1817,18,10,,0
1818,18,11,,0
1819,18,12,,0
1820,18,13,,0
1821,18,14,,0
1822,18,15,,0
1823,18,16,,0
1824,18,17,,0
1825,18,18,,0
1826,18,19,,0
1827,18,20,,0
1828,18,21,,0
1829,18,22,,0
1830,18,41,"[[197, 12, 205, 19]]",1
1831,18,42,,0
1832,18,43,"[[217, 15, 222, 22]]",1
1833,18,44,,0
1834,18,45,,0
1835,18,46,,0
1836,18,47,,0
1837,18,48,,0
1838,20,0,"[[64, 19, 195, 150]]",1
1839,20,1,"[[162, 59, 201, 77]]",1
1840,20,2,"[[150, 54, 179, 69], [187, 52, 218, 72]]",1
1841,20,3,"[[103, 45, 132, 61], [182, 54, 206, 71], [205, 45, 212, 71]]",1
1842,20,4,"[[38, 21, 67, 30], [125, 36, 153, 49], [196, 58, 214, 81]]",1
1843,20,5,"[[192, 78, 222, 119], [74, 27, 94, 36], [0, 18, 20, 31]]",1
1844,20,8,"[[72, 140, 137, 190], [54, 10, 66, 19]]",1
1845,20,9,"[[10, 113, 56, 154], [7, 40, 28, 52]]",1
1846,20,10,"[[34, 43, 58, 58]]",1
1847,20,13,"[[19, 87, 45, 101]]",1
1848,20,16,"[[27, 76, 64, 94], [200, 7, 224, 19]]",1
1849,20,17,"[[54, 72, 100, 101], [151, 10, 180, 22]]",1
1850,20,18,"[[105, 62, 152, 91], [121, 2, 139, 15], [0, 119, 6, 131]]",1
1851,20,19,"[[15, 121, 55, 164], [171, 79, 208, 103], [85, 3, 109, 12]]",1
1852,20,20,"[[54, 142, 90, 185], [213, 70, 224, 84], [68, 0, 79, 9]]",1
1853,20,21,"[[110, 161, 158, 211]]",1
1854,20,24,"[[95, 95, 161, 118], [102, 177, 157, 203], [149, 12, 157, 17], [95, 15, 103, 19]]",1
1855,20,28,"[[19, 108, 80, 151]]",1
1856,20,29,"[[46, 129, 95, 154], [117, 63, 179, 91]]",1
1857,20,30,"[[93, 1, 148, 61]]",1
1858,20,31,"[[158, 26, 208, 98]]",1
1859,20,32,"[[151, 101, 224, 138]]",1
1860,20,33,"[[51, 95, 105, 145]]",1
1861,20,34,,0
1862,20,35,,0
1863,20,36,,0
1864,20,38,"[[23, 37, 69, 62], [52, 0, 63, 28]]",1
1865,20,39,"[[91, 49, 143, 87], [42, 0, 56, 11], [186, 0, 198, 9]]",1
1866,20,40,"[[117, 91, 217, 164], [70, 97, 135, 135], [18, 0, 88, 168], [38, 0, 57, 44]]",1
1867,20,41,"[[12, 0, 52, 78], [35, 160, 104, 224]]",1
1868,20,42,"[[15, 62, 67, 168], [0, 31, 19, 53]]",1
1869,20,43,"[[86, 176, 180, 224], [121, 64, 153, 166], [34, 68, 87, 96]]",1
1870,20,44,"[[159, 0, 191, 39], [104, 64, 165, 102], [136, 153, 224, 194]]",1
1871,20,46,,0
1872,20,47,,0
1873,20,48,"[[181, 116, 224, 147]]",1
1874,20,49,"[[159, 0, 219, 24], [141, 112, 174, 206]]",1
1875,20,51,,0
1876,20,52,,0
1877,20,53,,0
1878,20,54,,0
1879,20,55,,0
1880,20,56,,0
1881,20,57,,0
1882,20,58,,0
1883,20,59,,0
1884,74,0,"[[54, 123, 117, 170]]",1
1885,74,1,"[[62, 128, 125, 177]]",1
1886,74,2,"[[62, 130, 123, 177]]",1
1887,74,3,"[[56, 126, 119, 172]]",1
1888,74,4,"[[47, 124, 109, 170]]",1
1889,74,5,"[[39, 121, 102, 169]]",1
1890,74,6,"[[42, 115, 105, 164]]",1
1891,74,7,"[[51, 116, 113, 164]]",1
1892,74,8,"[[59, 120, 121, 170]]",1
1893,74,9,"[[63, 123, 126, 172]]",1
1894,74,10,"[[58, 126, 126, 180]]",1
1895,74,11,"[[48, 125, 124, 186]]",1
1896,74,12,"[[39, 120, 125, 187]]",1
1897,74,13,"[[36, 114, 121, 181]]",1
1898,74,14,"[[37, 114, 122, 185]]",1
1899,74,15,"[[41, 117, 126, 184]]",1
1900,74,16,"[[46, 58, 132, 126]]",1
1901,74,17,"[[50, 59, 134, 127]]",1
1902,74,18,"[[45, 59, 133, 129]]",1
1903,74,19,"[[41, 52, 134, 126]]",1
1904,74,20,"[[39, 46, 134, 120]]",1
1905,74,21,"[[40, 42, 135, 119]]",1
1906,74,22,"[[41, 42, 135, 119]]",1
1907,74,23,"[[41, 46, 135, 118]]",1
1908,74,24,"[[40, 47, 136, 121]]",1
1909,74,25,"[[41, 49, 137, 123]]",1
1910,74,26,"[[42, 51, 137, 127]]",1
1911,74,27,"[[44, 50, 137, 126]]",1
1912,74,28,"[[45, 51, 138, 124]]",1
1913,74,29,"[[44, 47, 138, 122]]",1
1914,74,51,,0
1915,74,52,,0
1916,74,53,,0
1917,74,54,,0
1918,74,55,,0
1919,78,33,"[[122, 139, 139, 170]]",1
1920,78,34,"[[118, 143, 135, 176]]",1
1921,78,35,"[[114, 144, 131, 180]]",1
1922,78,36,"[[107, 149, 126, 185]]",1
1923,78,37,"[[86, 150, 109, 176]]",1
1924,78,38,"[[71, 158, 100, 181]]",1
1925,78,39,"[[66, 166, 96, 194]]",1
1926,78,43,,0
1927,78,44,,0
1928,78,45,,0
1929,78,46,,0
1930,78,47,,0
1931,78,49,,0
1932,78,50,,0
1933,78,51,,0
1934,78,52,,0
1935,78,53,,0
1936,78,54,,0
1937,78,55,,0
1938,78,56,,0
1939,78,57,,0
1940,78,58,,0
1941,78,59,,0
1942,82,8,"[[15, 52, 49, 83]]",1
1943,82,9,"[[43, 14, 74, 53]]",1
1944,82,10,"[[53, 49, 82, 83]]",1
1945,82,11,"[[25, 82, 60, 115]]",1
1946,82,12,"[[19, 97, 52, 138]]",1
1947,82,13,"[[21, 93, 58, 139]]",1
1948,82,16,,0
1949,82,17,,0
1950,82,33,"[[23, 42, 48, 81]]",1
1951,82,34,"[[15, 38, 39, 75]]",1
1952,82,35,"[[16, 37, 42, 78]]",1
1953,82,36,"[[25, 42, 51, 80]]",1
1954,82,37,"[[25, 35, 51, 75]]",1
1955,110,48,,0
1956,110,51,"[[93, 111, 111, 134]]",1
1957,110,52,"[[91, 107, 111, 130]]",1
1958,110,53,"[[87, 111, 115, 140]]",1
1959,110,54,"[[77, 130, 112, 160]]",1
1960,110,57,"[[45, 63, 98, 95]]",1
1961,110,58,"[[55, 66, 105, 97]]",1
1962,26,28,"[[95, 90, 117, 110]]",1
1963,26,29,"[[94, 90, 119, 113]]",1
1964,26,30,"[[95, 92, 119, 111]]",1
1965,26,31,"[[95, 92, 117, 112]]",1
1966,26,32,"[[94, 92, 118, 113]]",1
1967,26,33,"[[95, 91, 118, 112]]",1
1968,26,34,"[[95, 90, 119, 112]]",1
1969,26,35,"[[95, 89, 118, 111]]",1
1970,26,36,"[[95, 89, 119, 111]]",1
1971,26,37,"[[95, 90, 118, 112]]",1
1972,26,38,"[[95, 91, 117, 112]]",1
1973,26,45,"[[98, 88, 119, 109]]",1
1974,26,46,"[[97, 88, 119, 108]]",1
1975,26,47,"[[98, 88, 119, 108]]",1
1976,26,48,"[[97, 87, 119, 106]]",1
1977,26,49,"[[99, 86, 120, 106]]",1
1978,26,50,"[[101, 86, 123, 106]]",1
1979,26,51,"[[102, 88, 125, 108]]",1
1980,26,52,"[[103, 89, 124, 109]]",1
1981,26,53,"[[102, 88, 126, 107]]",1
1982,26,54,"[[103, 88, 124, 108]]",1
1983,26,56,"[[103, 88, 125, 108]]",1
1984,26,57,"[[102, 88, 125, 107]]",1
1985,26,58,"[[104, 88, 125, 108]]",1
1986,26,59,"[[103, 88, 125, 108]]",1
1987,40,2,"[[38, 127, 78, 173]]",1
1988,40,3,"[[67, 83, 112, 118]]",1
1989,40,4,"[[95, 73, 95, 73], [95, 73, 136, 106]]",1
1990,40,5,"[[124, 64, 139, 94]]",1
1991,40,6,"[[121, 57, 133, 83]]",1
1992,40,7,"[[81, 31, 109, 53]]",1
1993,40,8,"[[68, 21, 75, 52]]",1
1994,40,9,"[[63, 36, 84, 64]]",1
1995,40,10,"[[76, 48, 102, 81]]",1
1996,40,11,"[[89, 63, 105, 110]]",1
1997,40,12,"[[64, 111, 83, 164]]",1
1998,40,16,,0
1999,40,18,"[[148, 5, 187, 119]]",1
2000,40,19,"[[103, 76, 191, 141]]",1
2001,40,20,"[[0, 15, 135, 82]]",1
2002,40,21,,0
2003,40,22,,0
2004,40,23,,0
2005,40,24,,0
2006,40,25,"[[105, 0, 136, 61]]",1
2007,40,26,"[[49, 87, 93, 136]]",1
2008,40,27,"[[11, 59, 36, 108]]",1
2009,40,29,,0
2010,40,30,"[[10, 26, 52, 56]]",1
2011,40,40,,0
2012,40,41,,0
2013,40,42,,0
2014,40,43,,0
2015,40,44,,0
2016,40,45,"[[0, 164, 41, 216]]",1
2017,40,46,"[[8, 170, 112, 223]]",1
2018,40,47,"[[100, 173, 218, 224]]",1
2019,40,50,,0
2020,40,51,,0
2021,40,52,,0
2022,40,53,,0
2023,40,54,,0
2024,40,55,,0
2025,40,56,,0
2026,40,57,,0
2027,40,58,,0
2028,40,59,"[[193, 0, 224, 9]]",1
2029,48,0,"[[68, 124, 96, 164]]",1
2030,48,1,"[[70, 110, 99, 146]]",1
2031,48,2,"[[84, 99, 112, 134]]",1
2032,48,3,"[[81, 94, 110, 128]]",1
2033,48,4,"[[76, 92, 107, 129]]",1
2034,48,5,"[[76, 82, 107, 120]]",1
2035,91,3,"[[136, 73, 151, 85], [60, 17, 70, 21]]",1
2036,91,4,"[[120, 106, 134, 119], [37, 42, 53, 48]]",1
2037,91,5,"[[21, 71, 38, 78], [110, 102, 126, 116]]",1
2038,91,6,"[[22, 64, 41, 70], [110, 65, 126, 79]]",1
2039,91,7,"[[21, 45, 38, 49], [109, 45, 128, 63]]",1
2040,91,8,"[[102, 80, 122, 96]]",1
2041,91,9,"[[77, 143, 102, 162]]",1
2042,91,10,"[[69, 147, 107, 173]]",1
2043,91,11,"[[79, 131, 128, 159]]",1
2044,91,12,"[[97, 147, 153, 197]]",1
2045,91,13,"[[119, 130, 182, 171]]",1
2046,91,14,"[[121, 91, 178, 138]]",1
2047,91,15,"[[51, 51, 115, 94]]",1
2048,91,16,"[[3, 24, 66, 61]]",1
2049,91,19,,0
2050,91,20,,0
2051,91,21,,0
2052,91,22,,0
2053,91,23,,0
2054,91,24,,0
2055,91,25,,0
2056,91,26,,0
2057,91,27,,0
2058,91,28,,0
2059,91,29,,0
2060,91,30,,0
2061,91,31,,0
2062,91,32,,0
2063,91,33,,0
2064,91,34,,0
2065,91,36,,0
2066,91,37,,0
2067,91,38,,0
2068,91,39,,0
2069,91,40,,0
2070,91,41,,0
2071,91,47,,0
2072,91,48,,0
2073,91,49,,0
2074,91,50,,0
2075,91,51,,0
2076,91,52,,0
2077,91,53,,0
2078,91,54,,0
2079,91,55,"[[202, 126, 207, 130]]",1
2080,91,56,"[[198, 118, 204, 123]]",1
2081,91,57,"[[196, 152, 203, 159]]",1
2082,91,58,"[[198, 167, 205, 174]]",1
2083,91,59,"[[193, 127, 201, 135]]",1
